{
    "model_name": "KNN Optimise",
    "k_neighbors": 19,
    "pca_components": 43,
    "target_mapping": {
        "Non-TruePositive": 0,
        "TruePositive": 1
    },
    "training_metrics": {
        "precision": 0.7892333529626154,
        "recall": 0.7619822489267156,
        "f1_macro": 0.7717383073755513
    }
}