{
    "model_name": "Regression Logistique",
    "pca_components": 43,
    "target_mapping": {
        "Non-TruePositive": 0,
        "TruePositive": 1
    },
    "training_metrics": {
        "precision": 0.7895838343502082,
        "recall": 0.7376435056659265,
        "f1_macro": 0.7516052226105938
    }
}