{
    "model_name": "Regression Logistique",
    "pca_components": 43,
    "target_mapping": {
        "Non-TruePositive": 0,
        "TruePositive": 1
    },
    "training_metrics": {
        "precision": 0.7896745520689512,
        "recall": 0.7376842090198827,
        "f1_macro": 0.7516556226684983
    }
}