{
    "model_name": "RF Optimis\u00e9",
    "n_features_original": 231,
    "threshold": 0.5400000000000003,
    "target_mapping": {
        "Non-TruePositive": 0,
        "TruePositive": 1
    },
    "target_names": [
        "Non-TP (0)",
        "TP (1)"
    ],
    "training_metrics": {
        "precision": 0.7692343930315702,
        "recall": 0.7679158471267304,
        "f1_macro": 0.7685619376991609
    },
    "selected_features_indices": [
        39,
        29,
        51,
        36,
        209,
        74,
        25,
        21,
        81,
        139,
        61,
        79,
        30,
        57,
        191,
        78,
        229,
        12,
        1,
        227,
        3,
        76,
        230,
        45,
        91,
        228,
        26,
        187,
        11,
        54,
        190,
        38,
        192,
        59,
        28,
        186,
        82,
        23,
        90,
        24,
        0,
        53,
        49,
        35,
        31,
        5,
        4,
        13
    ],
    "n_features_selected": 48
}