{
    "model_name": "RF Optimise",
    "n_features_original": 231,
    "threshold": 0.5400000000000003,
    "target_mapping": {
        "Non-TruePositive": 0,
        "TruePositive": 1
    },
    "target_names": [
        "Non-TP (0)",
        "TP (1)"
    ],
    "training_metrics": {
        "precision": 0.7721271935971086,
        "recall": 0.7694488270866632,
        "f1_macro": 0.7707355470391642
    },
    "selected_features_indices": [
        29,
        51,
        36,
        39,
        209,
        25,
        74,
        21,
        81,
        139,
        57,
        61,
        30,
        12,
        79,
        1,
        76,
        229,
        78,
        45,
        230,
        191,
        227,
        26,
        190,
        3,
        91,
        228,
        186,
        59,
        38,
        11,
        28,
        90,
        192,
        54,
        187,
        0,
        49,
        4,
        35,
        23,
        53,
        16,
        24,
        82,
        31,
        13,
        5,
        17,
        34,
        42,
        86,
        55,
        14,
        138,
        75,
        221,
        73,
        56,
        188,
        215,
        22,
        10,
        6,
        133,
        18,
        214
    ],
    "n_features_selected": 68
}